rule,n,tp,tn,fp,fn,accuracy,balanced_accuracy,sensitivity,specificity,precision,mcc,kappa,predicted_positive_rate,balanced_accuracy_ci95,mcc_ci95,n_predicted_ss
majority_class_baseline,1103,0,753,0,350,0.6826835902085222,0.5,0.0,1.0,,0.0,0.0,0.0,"[0.5, 0.5]","[0.0, 0.0]",0
delta <= 6.6%,1103,301,430,323,49,0.6627379873073436,0.7155245683930943,0.86,0.5710491367861886,0.4823717948717949,0.40476060692185434,0.3563892697036338,0.5657298277425205,"[0.6904583116033323, 0.7401327702797978]","[0.3562588628699344, 0.45118924619837114]",624
-15 <= dH_mix <= 5,1103,306,380,373,44,0.6219401631912964,0.6894668943274521,0.8742857142857143,0.5046480743691899,0.45066273932253315,0.3625576113205758,0.30277389125448884,0.6155938349954669,"[0.662847166876172, 0.7140430146002745]","[0.3137966841660844, 0.40790604942909653]",679
omega >= 1.1,1103,330,366,387,20,0.6310063463281959,0.7144564598747866,0.9428571428571428,0.4860557768924303,0.4602510460251046,0.4185500598780095,0.33493283713653754,0.6500453309156845,"[0.6921697285650695, 0.736084535166648]","[0.37789777097841504, 0.45879710068256346]",717
3 <= VEC <= 8,1103,271,138,615,79,0.37080689029918407,0.4787763232783153,0.7742857142857142,0.18326693227091634,0.3058690744920993,-0.04969759813218807,-0.030108678684659607,0.8032638259292838,"[0.4531271349889958, 0.5041811822395363]","[-0.11068843841010657, 0.009149836488751787]",886
delta_chi <= 0.3,1103,338,76,677,12,0.37533998186763373,0.5333219502940618,0.9657142857142857,0.10092961487383798,0.3330049261083744,0.11447682108299805,0.04418088404530274,0.9202175883952856,"[0.5178952476635479, 0.5479588742926831]","[0.06777893027567668, 0.15789998371217742]",1015
delta <= 6.6 AND -15<=dH<=5,1103,279,501,252,71,0.7071622846781505,0.7312407512805918,0.7971428571428572,0.6653386454183267,0.5254237288135594,0.43080486860125,0.40626088463660104,0.4814143245693563,"[0.7035363670396558, 0.7573265405078935]","[0.3819177257489641, 0.48075165620442006]",531
classic 3-rule conjunction,1103,275,542,211,75,0.7407071622846781,0.7527509011572757,0.7857142857142857,0.7197875166002656,0.565843621399177,0.47390741286289056,0.4578902506925493,0.44061650045330913,"[0.7246506479520299, 0.7786580162506237]","[0.4235032397552772, 0.5246396432527995]",486
classic 4-rule (+VEC 3-8),1103,199,593,160,151,0.7180417044424298,0.6780440144185165,0.5685714285714286,0.7875166002656042,0.5543175487465181,0.35371639634479674,0.35365451540999415,0.3254759746146872,"[0.6488311263113036, 0.7078990938441576]","[0.29529726229332903, 0.4105445695878543]",359
