block,model,seed,matched,disjoint,delta
composition,hgb,0,0.7899243140964995,0.6052034058656575,0.18472090823084208
composition,hgb,1,0.8053768527278461,0.6498107852412488,0.1555660674865973
composition,hgb,2,0.7909807631661936,0.6602649006622516,0.13071586250394196
composition,hgb,3,0.7732103437401451,0.5299432355723747,0.24326710816777042
composition,hgb,4,0.8240775780510879,0.6534531693472091,0.17062440870387885
composition,hgb,5,0.7465941343424788,0.6304635761589403,0.11613055818353846
composition,hgb,6,0.7812835067801954,0.6707190160832545,0.11056449069694096
composition,hgb,7,0.778949858088931,0.644228949858089,0.13472090823084204
composition,hgb,8,0.8004415011037528,0.6564333017975402,0.14400819930621256
composition,hgb,9,0.7794228949858089,0.674550614947966,0.10487228003784288
composition,logreg,0,0.7414538000630716,0.6924314096499526,0.049022390413118955
composition,logreg,1,0.8151687164932199,0.7750236518448439,0.04014506464837597
composition,logreg,2,0.7451750236518447,0.7089877010406812,0.03618732261116353
composition,logreg,3,0.728161463260801,0.7058656575212867,0.022295805739514285
composition,logreg,4,0.7651529485966572,0.7112582781456953,0.05389467045096186
composition,logreg,5,0.7634657836644592,0.6893093661305583,0.0741564175339009
composition,logreg,6,0.7812519709870703,0.7339167455061495,0.04733522548092084
composition,logreg,7,0.7817092399873857,0.687038789025544,0.09467045096184168
composition,logreg,8,0.83118889940082,0.7910596026490067,0.040129296751813315
composition,logreg,9,0.7855408388520971,0.7109271523178808,0.0746136865342163
composition+descriptors,hgb,0,0.8343582466099022,0.6860454115421003,0.1483128350678019
composition+descriptors,hgb,1,0.8505676442762535,0.6651371807000945,0.185430463576159
composition+descriptors,hgb,2,0.8343582466099022,0.7107852412488174,0.12357300536108484
composition+descriptors,hgb,3,0.7840113528855251,0.5850047303689687,0.19900662251655643
composition+descriptors,hgb,4,0.8302901292967518,0.6804635761589404,0.14982655313781146
composition+descriptors,hgb,5,0.809145380006307,0.671759697256386,0.13738568274992102
composition+descriptors,hgb,6,0.8078839482812993,0.7464995269631032,0.0613844213181961
composition+descriptors,hgb,7,0.8561967833491012,0.7212393566698203,0.1349574266792809
composition+descriptors,hgb,8,0.8420845159255755,0.771759697256386,0.07032481866918949
composition+descriptors,hgb,9,0.8460264900662251,0.7240302743614002,0.12199621570482488
composition+descriptors,logreg,0,0.8050614947965942,0.7806054872280037,0.024456007568590454
composition+descriptors,logreg,1,0.8188899400819931,0.8267738883632924,-0.007883948281299236
composition+descriptors,logreg,2,0.8032639545884579,0.7469725638599811,0.056291390728476776
composition+descriptors,logreg,3,0.7644118574582152,0.7647587511825922,-0.0003468937243770176
composition+descriptors,logreg,4,0.8088930936613056,0.7976821192052981,0.011210974456007494
composition+descriptors,logreg,5,0.8022075055187639,0.7530747398297066,0.04913276568905722
composition+descriptors,logreg,6,0.799842321034374,0.8065752128666036,-0.006732891832229582
composition+descriptors,logreg,7,0.8138915168716493,0.778003784295175,0.03588773257647426
composition+descriptors,logreg,8,0.8313150425733208,0.8076158940397351,0.02369914853358568
composition+descriptors,logreg,9,0.8243456322926521,0.7769631031220435,0.04738252917060859
descriptors,hgb,0,0.8343582466099022,0.6763008514664144,0.15805739514348782
descriptors,hgb,1,0.8155471460107222,0.6998107852412488,0.11573636076947336
descriptors,hgb,2,0.8129296751813309,0.7245506149479659,0.08837906023336495
descriptors,hgb,3,0.7536423841059602,0.606953642384106,0.1466887417218542
descriptors,hgb,4,0.7986439608956166,0.6909176915799432,0.10772626931567342
descriptors,hgb,5,0.7731945758435824,0.6639072847682119,0.1092872910753705
descriptors,hgb,6,0.7891832229580574,0.7289025543992431,0.06028066855881431
descriptors,hgb,7,0.8259381898454746,0.689356669820246,0.1365815200252286
descriptors,hgb,8,0.8333175654367707,0.7403973509933774,0.09292021444339327
descriptors,hgb,9,0.8193156732891832,0.6773415326395459,0.14197414064963731
descriptors,logreg,0,0.7860611794386628,0.7694418164616841,0.016619362976978747
descriptors,logreg,1,0.8128508356985179,0.8091769157994324,0.003673919899085498
descriptors,logreg,2,0.7863607694733522,0.7783349101229895,0.008025859350362707
descriptors,logreg,3,0.8012298959318827,0.7739829706717124,0.02724692526017025
descriptors,logreg,4,0.7814254178492589,0.7948912015137181,-0.013465783664459163
descriptors,logreg,5,0.8098707032481868,0.7699621570482498,0.039908546199937
descriptors,logreg,6,0.8187164932198044,0.7994323557237464,0.019284137496058062
descriptors,logreg,7,0.7838063702302113,0.7487228003784295,0.03508356985178174
descriptors,logreg,8,0.8379375591296121,0.8157994323557237,0.022138126773888378
descriptors,logreg,9,0.8166193629769788,0.7652790917691581,0.0513402712078207
