block,model,protocol,bal_acc_mean,bal_acc_std,mcc_mean,auc_mean,n_fits
composition,logreg,random_stratified,0.7867007253232418,0.022476369599536826,0.5346207532394261,0.827621675601808,15
composition,logreg,element_set_grouped,0.7296167888067183,0.07058974044914332,0.4314821611731902,0.7804078837441714,15
composition,hgb,random_stratified,0.8373762220119835,0.023242910820683093,0.6742099501626186,0.9321225691159466,15
composition,hgb,element_set_grouped,0.7602502666897597,0.043691963135408116,0.5303253031563044,0.8742617815540836,15
descriptors,logreg,random_stratified,0.7977367812467151,0.024362616880263817,0.5557025451930282,0.8646229580573953,15
descriptors,logreg,element_set_grouped,0.7955893947563814,0.03764619783505086,0.5546722823852703,0.8503457885225193,15
descriptors,hgb,random_stratified,0.8504105960264903,0.01845979466522282,0.7000383389849367,0.9372303164091242,15
descriptors,hgb,element_set_grouped,0.7630326874657755,0.05452299655985118,0.5285848702602847,0.8792659306458082,15
composition+descriptors,logreg,random_stratified,0.8070982865552401,0.02566985929274304,0.5745470951324602,0.8853895301166823,15
composition+descriptors,logreg,element_set_grouped,0.7692923756515184,0.05650466184708533,0.5082612779508475,0.8488409422993645,15
composition+descriptors,hgb,random_stratified,0.8591910017870282,0.026195068998299296,0.7181801797716962,0.9451996846420688,15
composition+descriptors,hgb,element_set_grouped,0.7757721692019776,0.049833174861593464,0.5551343721491507,0.8968903763567285,15
