balanced_accuracy,mcc,accuracy,roc_auc,element,model,n_train,n_test,test_ss_rate
0.6822231430643324,0.35804941491603093,0.6557120500782473,0.7211644048482337,Ni,logreg,464,639,0.38341158059467917
0.6808660520045582,0.3544801881883519,0.6854460093896714,0.776660105666632,Ni,hgb,464,639,0.38341158059467917
0.5893998837547224,0.24582940226032177,0.6734006734006734,0.8002458103264555,Al,logreg,509,594,0.37373737373737376
0.5996803254867771,0.2937697735872327,0.6885521885521886,0.7977695437372856,Al,hgb,509,594,0.37373737373737376
0.5981744421906694,0.20370429908049467,0.5889908256880734,0.6260649087221095,Fe,logreg,558,545,0.46788990825688076
0.6621365787694388,0.33027672268143293,0.6678899082568808,0.7134077079107504,Fe,hgb,558,545,0.46788990825688076
0.610218357976935,0.2465437728533048,0.5681341719077568,0.6439481580564693,Co,logreg,626,477,0.4171907756813417
0.6374679151151441,0.27235361783830736,0.6415094339622641,0.6934311847004807,Co,hgb,626,477,0.4171907756813417
0.5954220314735337,0.2578207424560157,0.5895196506550219,0.6727896995708156,Cr,logreg,645,458,0.4912663755458515
0.5551549833094898,0.12260019716421108,0.5589519650655022,0.636700047687172,Cr,hgb,645,458,0.4912663755458515
0.7883574928542262,0.5663386175257452,0.7610837438423645,0.8415679869334423,Cu,logreg,697,406,0.3891625615763547
0.7691659861167823,0.5359843848800318,0.7783251231527094,0.8633753572886893,Cu,hgb,697,406,0.3891625615763547
0.634078664884352,0.28593934352195516,0.6859756097560976,0.5553530198079961,Ti,logreg,775,328,0.3567073170731707
0.7336857455340868,0.5258708169310429,0.7896341463414634,0.8625187345566492,Ti,hgb,775,328,0.3567073170731707
0.7826728001887238,0.5884997761510141,0.8483412322274881,0.9048714319414957,Zr,logreg,892,211,0.2559241706161137
0.9314107100731305,0.8527225771556667,0.943127962085308,0.946272705826846,Zr,hgb,892,211,0.2559241706161137
0.5513708513708514,0.1035973354652836,0.5568862275449101,0.6145021645021645,V,logreg,936,167,0.46107784431137727
0.746897546897547,0.5062963407663177,0.7544910179640718,0.8367243867243868,V,hgb,936,167,0.46107784431137727
0.4768628030751035,-0.061447361424334816,0.503030303030303,0.41654346540508574,Nb,logreg,938,165,0.46060606060606063
0.624334713187463,0.2823644702925838,0.6424242424242425,0.8439532820816085,Nb,hgb,938,165,0.46060606060606063
0.6628787878787878,0.368329462972638,0.6375,0.7496843434343434,Mn,logreg,943,160,0.45
0.7727272727272727,0.5489310277186751,0.7625,0.84146148989899,Mn,hgb,943,160,0.45
0.5749559082892416,0.17338095064114353,0.5416666666666666,0.5410542817950226,Mo,logreg,959,144,0.4375
0.7310405643738977,0.5200993196312214,0.7569444444444444,0.8589065255731921,Mo,hgb,959,144,0.4375
0.42028985507246375,-0.07289725414469155,0.8169014084507042,0.7536231884057971,Mg,logreg,1032,71,0.028169014084507043
0.5,0.0,0.971830985915493,0.9855072463768116,Mg,hgb,1032,71,0.028169014084507043
0.4583333333333333,-0.11322770341445958,0.7857142857142857,0.7533333333333333,Si,logreg,1033,70,0.14285714285714285
0.5666666666666667,0.16666666666666666,0.8285714285714286,0.8483333333333333,Si,hgb,1033,70,0.14285714285714285
0.5,0.0,0.921875,0.8847457627118643,B,logreg,1039,64,0.078125
0.5,0.0,0.921875,0.4440677966101695,B,hgb,1039,64,0.078125
0.8633633633633633,0.696049196885166,0.8545454545454545,0.8903903903903903,Hf,logreg,1048,55,0.32727272727272727
0.9039039039039038,0.7971078942214271,0.9090909090909091,0.9144144144144144,Hf,hgb,1048,55,0.32727272727272727
0.8367346938775511,0.2735506022160966,0.6862745098039216,0.9591836734693878,Sn,logreg,1052,51,0.0392156862745098
0.8673469387755102,0.31298431857438064,0.7450980392156863,0.9897959183673469,Sn,hgb,1052,51,0.0392156862745098
0.7262931034482758,0.4595725150090289,0.7555555555555555,0.822198275862069,Ta,logreg,1058,45,0.6444444444444445
0.8168103448275862,0.6079572920571948,0.8,0.9342672413793103,Ta,hgb,1058,45,0.6444444444444445
