balanced_accuracy,mcc,accuracy,roc_auc,seed,block,model,variant,n_train,rep
0.7689214758751183,0.5041923659285872,0.7104072398190046,0.7984862819299905,0,composition,logreg,TrainA_all,882,
0.6924314096499526,0.3612042299623136,0.6425339366515838,0.715988647114475,0,composition,logreg,TrainB_disjoint,436,
0.7232734153263954,0.4177408944944617,0.6742081447963801,0.7594134342478713,0,composition,logreg,TrainA_matched,436,0.0
0.7755439924314096,0.5155382861081016,0.7194570135746606,0.7824976348155156,0,composition,logreg,TrainA_matched,436,1.0
0.7255439924314097,0.42004604535147827,0.6877828054298643,0.7997161778618732,0,composition,logreg,TrainA_matched,436,2.0
0.7815042573320718,0.5513935217782421,0.8009049773755657,0.8990539262062439,0,composition,hgb,TrainA_all,882,
0.6052034058656575,0.24512314371411212,0.7013574660633484,0.7491958372753075,0,composition,hgb,TrainB_disjoint,436,
0.7848155156102176,0.5596597497793878,0.8054298642533937,0.8508987701040681,0,composition,hgb,TrainA_matched,436,0.0
0.8210501419110691,0.6168247141462195,0.8235294117647058,0.8867076631977294,0,composition,hgb,TrainA_matched,436,1.0
0.7639072847682119,0.5185752771996687,0.7873303167420814,0.8438978240302744,0,composition,hgb,TrainA_matched,436,2.0
0.7887890255439924,0.5386275443687891,0.7375565610859729,0.8353831598864712,0,descriptors,logreg,TrainA_all,882,
0.7694418164616841,0.5070685787636625,0.7058823529411765,0.8191106906338694,0,descriptors,logreg,TrainB_disjoint,436,
0.7882686849574267,0.5368625420243096,0.7420814479638009,0.8421948912015138,0,descriptors,logreg,TrainA_matched,436,0.0
0.7811258278145696,0.5233881940047393,0.7375565610859729,0.8252601702932828,0,descriptors,logreg,TrainA_matched,436,1.0
0.7887890255439924,0.5386275443687891,0.7375565610859729,0.8266792809839167,0,descriptors,logreg,TrainA_matched,436,2.0
0.8541627246925261,0.7006127745493278,0.8687782805429864,0.939829706717124,0,descriptors,hgb,TrainA_all,882,
0.6763008514664144,0.4661396093325112,0.7828054298642534,0.8989593188268685,0,descriptors,hgb,TrainB_disjoint,436,
0.8618259224219489,0.7065461896767492,0.8687782805429864,0.917123935666982,0,descriptors,hgb,TrainA_matched,436,0.0
0.8085146641438032,0.6147074787423384,0.832579185520362,0.9159886471144749,0,descriptors,hgb,TrainA_matched,436,1.0
0.8327341532639546,0.6654683065279092,0.8552036199095022,0.9168401135288552,0,descriptors,hgb,TrainA_matched,436,2.0
0.8185903500473037,0.592895079495304,0.7782805429864253,0.8856196783349102,0,composition+descriptors,logreg,TrainA_all,882,
0.7806054872280037,0.5221626655962595,0.7420814479638009,0.8338694418164616,0,composition+descriptors,logreg,TrainB_disjoint,436,
0.8060548722800378,0.5738125958765099,0.7873303167420814,0.8779564806054873,0,composition+descriptors,logreg,TrainA_matched,436,0.0
0.7976821192052981,0.5539849644044467,0.7601809954751131,0.8597918637653736,0,composition+descriptors,logreg,TrainA_matched,436,1.0
0.8114474929044465,0.5796972352103018,0.7737556561085973,0.8632923368022706,0,composition+descriptors,logreg,TrainA_matched,436,2.0
0.8513718070009462,0.6861321868112032,0.8597285067873304,0.9325449385052034,0,composition+descriptors,hgb,TrainA_all,882,
0.6860454115421003,0.41980033663458016,0.7647058823529411,0.8718543046357616,0,composition+descriptors,hgb,TrainB_disjoint,436,
0.8513718070009462,0.6861321868112032,0.8597285067873304,0.9206244087038788,0,composition+descriptors,hgb,TrainA_matched,436,0.0
0.8074739829706717,0.6278514267443881,0.8416289592760181,0.9020813623462629,0,composition+descriptors,hgb,TrainA_matched,436,1.0
0.8442289498580889,0.6742548576676638,0.8552036199095022,0.9199621570482498,0,composition+descriptors,hgb,TrainA_matched,436,2.0
0.8009933774834437,0.5602389896177324,0.7647058823529411,0.856717123935667,1,composition,logreg,TrainA_all,882,
0.7750236518448439,0.513291375556916,0.7239819004524887,0.7586092715231788,1,composition,logreg,TrainB_disjoint,444,
0.8185903500473037,0.592895079495304,0.7782805429864253,0.8405392620624409,1,composition,logreg,TrainA_matched,444,0.0
0.8076158940397351,0.5728941763675888,0.7737556561085973,0.8496215704824976,1,composition,logreg,TrainA_matched,444,1.0
0.8192999053926207,0.6017551559466401,0.8054298642533937,0.8558656575212866,1,composition,logreg,TrainA_matched,444,2.0
0.8498107852412489,0.7051808547053385,0.8733031674208145,0.9416745506149479,1,composition,hgb,TrainA_all,882,
0.6498107852412488,0.36202727105659277,0.746606334841629,0.8201986754966887,1,composition,hgb,TrainB_disjoint,444,
0.8008514664143803,0.6090064050523106,0.832579185520362,0.9075685903500473,1,composition,hgb,TrainA_matched,444,0.0
0.8024124881740775,0.5923473004080493,0.8190045248868778,0.9087038789025544,1,composition,hgb,TrainA_matched,444,1.0
0.8128666035950805,0.6128241897229529,0.8280542986425339,0.9099810785241249,1,composition,hgb,TrainA_matched,444,2.0
0.8093661305581835,0.5806970658686162,0.7918552036199095,0.866650898770104,1,descriptors,logreg,TrainA_all,882,
0.8091769157994324,0.5758013742485868,0.7601809954751131,0.844891201513718,1,descriptors,logreg,TrainB_disjoint,444,
0.8126773888363292,0.5876474969341642,0.7963800904977375,0.8657994323557239,1,descriptors,logreg,TrainA_matched,444,0.0
0.8126773888363292,0.5876474969341642,0.7963800904977375,0.8646641438032167,1,descriptors,logreg,TrainA_matched,444,1.0
0.8131977294228949,0.5865708824324946,0.7918552036199095,0.8644749290444654,1,descriptors,logreg,TrainA_matched,444,2.0
0.8740302743614001,0.7571405101806007,0.8959276018099548,0.9615421002838221,1,descriptors,hgb,TrainA_all,882,
0.6998107852412488,0.4543210535259693,0.7782805429864253,0.881693472090823,1,descriptors,hgb,TrainB_disjoint,444,
0.8003311258278145,0.6160671050479264,0.8371040723981901,0.9324030274361401,1,descriptors,hgb,TrainA_matched,444,0.0
0.8222800378429518,0.6445600756859035,0.8461538461538461,0.9168874172185432,1,descriptors,hgb,TrainA_matched,444,1.0
0.8240302743614002,0.6778982528953665,0.8642533936651584,0.9278618732261117,1,descriptors,hgb,TrainA_matched,444,2.0
0.8269631031220435,0.6130127763057861,0.8054298642533937,0.8906811731315043,1,composition+descriptors,logreg,TrainA_all,882,
0.8267738883632924,0.6088231967186073,0.7737556561085973,0.8401608325449385,1,composition+descriptors,logreg,TrainB_disjoint,444,
0.8131977294228949,0.5865708824324946,0.7918552036199095,0.8593661305581837,1,composition+descriptors,logreg,TrainA_matched,444,0.0
0.8198202459791863,0.6003200095317607,0.8009049773755657,0.8732734153263955,1,composition+descriptors,logreg,TrainA_matched,444,1.0
0.8236518448438979,0.6061498229275226,0.8009049773755657,0.8628666035950805,1,composition+descriptors,logreg,TrainA_matched,444,2.0
0.8778618732261116,0.7586722920383653,0.8959276018099548,0.9630558183538316,1,composition+descriptors,hgb,TrainA_all,882,
0.6651371807000945,0.37262216506262885,0.746606334841629,0.878003784295175,1,composition+descriptors,hgb,TrainB_disjoint,444,
0.8289025543992432,0.6630321139643298,0.8552036199095022,0.9362346263008515,1,composition+descriptors,hgb,TrainA_matched,444,0.0
0.8987701040681173,0.8006519055938182,0.9140271493212669,0.951608325449385,1,composition+descriptors,hgb,TrainA_matched,444,1.0
0.8240302743614002,0.6778982528953665,0.8642533936651584,0.9382686849574268,1,composition+descriptors,hgb,TrainA_matched,444,2.0
0.770151371807001,0.502709201486891,0.7330316742081447,0.816698202459792,2,composition,logreg,TrainA_all,882,
0.7089877010406812,0.39033447263555665,0.665158371040724,0.7222800378429517,2,composition,logreg,TrainB_disjoint,457,
0.7525543992431409,0.4699640039815289,0.7194570135746606,0.7977767265846736,2,composition,logreg,TrainA_matched,457,0.0
0.7393093661305582,0.4455360715917847,0.7013574660633484,0.7820719016083254,2,composition,logreg,TrainA_matched,457,1.0
0.7436613055818354,0.4547581485197238,0.6968325791855203,0.7752601702932829,2,composition,logreg,TrainA_matched,457,2.0
0.8316934720908231,0.680400463158932,0.8642533936651584,0.9415799432355724,2,composition,hgb,TrainA_all,882,
0.6602649006622516,0.38729030449628554,0.755656108597285,0.8195364238410596,2,composition,hgb,TrainB_disjoint,457,
0.786565752128666,0.5851575297257697,0.8235294117647058,0.8824503311258278,2,composition,hgb,TrainA_matched,457,0.0
0.7546830652790917,0.5274401067733048,0.8009049773755657,0.885856196783349,2,composition,hgb,TrainA_matched,457,1.0
0.8316934720908231,0.680400463158932,0.8642533936651584,0.9244560075685904,2,composition,hgb,TrainA_matched,457,2.0
0.8032639545884579,0.5664179049494237,0.7782805429864253,0.8550141911069064,2,descriptors,logreg,TrainA_all,882,
0.7783349101229895,0.519129315489919,0.7285067873303167,0.8389309366130558,2,descriptors,logreg,TrainB_disjoint,457,
0.7752128666035951,0.5144504341913052,0.755656108597285,0.8496215704824978,2,descriptors,logreg,TrainA_matched,457,0.0
0.780085146641438,0.5213224984325937,0.746606334841629,0.852081362346263,2,descriptors,logreg,TrainA_matched,457,1.0
0.8037842951750236,0.5662695475323788,0.7737556561085973,0.855108798486282,2,descriptors,logreg,TrainA_matched,457,2.0
0.8646168401135289,0.7212933439596926,0.8778280542986425,0.933349101229896,2,descriptors,hgb,TrainA_all,882,
0.7245506149479659,0.5029438183091764,0.7963800904977375,0.8766792809839167,2,descriptors,hgb,TrainB_disjoint,457,
0.8475402081362347,0.6829131675185455,0.8597285067873304,0.9264427625354777,2,descriptors,hgb,TrainA_matched,457,0.0
0.8046830652790917,0.6117436445942803,0.832579185520362,0.9063859981078525,2,descriptors,hgb,TrainA_matched,457,1.0
0.786565752128666,0.5851575297257697,0.8235294117647058,0.9156575212866604,2,descriptors,hgb,TrainA_matched,457,2.0
0.8241721854304636,0.6054690224018718,0.7963800904977375,0.8896404919583727,2,composition+descriptors,logreg,TrainA_all,882,
0.7469725638599811,0.46063462885330847,0.7013574660633484,0.7985335856196782,2,composition+descriptors,logreg,TrainB_disjoint,457,
0.7999526963103122,0.5598177867916072,0.7737556561085973,0.8698675496688741,2,composition+descriptors,logreg,TrainA_matched,457,0.0
0.8032639545884579,0.5664179049494237,0.7782805429864253,0.8723273415326396,2,composition+descriptors,logreg,TrainA_matched,457,1.0
0.8065752128666036,0.5730755008583447,0.7828054298642534,0.8703405865657521,2,composition+descriptors,logreg,TrainA_matched,457,2.0
0.8646168401135289,0.7212933439596926,0.8778280542986425,0.9444181646168401,2,composition+descriptors,hgb,TrainA_all,882,
0.7107852412488174,0.4687320298321635,0.7828054298642534,0.8817880794701987,2,composition+descriptors,hgb,TrainB_disjoint,457,
0.8332544938505203,0.6592516357285981,0.8506787330316742,0.9271996215704825,2,composition+descriptors,hgb,TrainA_matched,457,0.0
0.8447492904446547,0.6692881758149677,0.8506787330316742,0.9228476821192053,2,composition+descriptors,hgb,TrainA_matched,457,1.0
0.8250709555345317,0.6608575261578197,0.8552036199095022,0.9329706717123936,2,composition+descriptors,hgb,TrainA_matched,457,2.0
0.7630085146641438,0.48941746809089726,0.7285067873303167,0.7633869441816461,3,composition,logreg,TrainA_all,882,
0.7058656575212867,0.3842181056800307,0.6923076923076923,0.7195837275307474,3,composition,logreg,TrainB_disjoint,447,
0.7326868495742668,0.43352653512721906,0.6923076923076923,0.7424787133396406,3,composition,logreg,TrainA_matched,447,0.0
0.7091769157994323,0.39068787641340685,0.6968325791855203,0.752317880794702,3,composition,logreg,TrainA_matched,447,1.0
0.7426206244087039,0.45158978119587456,0.7058823529411765,0.7334910122989593,3,composition,logreg,TrainA_matched,447,2.0
0.8316934720908231,0.680400463158932,0.8642533936651584,0.9259224219489121,3,composition,hgb,TrainA_all,882,
0.5299432355723747,0.07916994169774069,0.6561085972850679,0.7427152317880795,3,composition,hgb,TrainB_disjoint,447,
0.7694891201513718,0.5455203599973292,0.8054298642533937,0.8802743614001891,3,composition,hgb,TrainA_matched,447,0.0
0.7602649006622517,0.5635441903117963,0.8190045248868778,0.8812204351939451,3,composition,hgb,TrainA_matched,447,1.0
0.7898770104068118,0.5946226523442578,0.8280542986425339,0.8888363292336803,3,composition,hgb,TrainA_matched,447,2.0
0.792809839167455,0.5468923462231996,0.7692307692307693,0.850709555345317,3,descriptors,logreg,TrainA_all,882,
0.7739829706717124,0.5099645179735827,0.7330316742081447,0.8210974456007569,3,descriptors,logreg,TrainB_disjoint,447,
0.8180700094607379,0.5923635924797273,0.7828054298642534,0.8510879848628192,3,descriptors,logreg,TrainA_matched,447,0.0
0.8285241248817408,0.6118330085918658,0.7918552036199095,0.8599810785241249,3,descriptors,logreg,TrainA_matched,447,1.0
0.7570955534531694,0.4825823475528944,0.746606334841629,0.8403027436140019,3,descriptors,logreg,TrainA_matched,447,2.0
0.8031220435193945,0.6341564970151108,0.8461538461538461,0.9263954588457901,3,descriptors,hgb,TrainA_all,882,
0.606953642384106,0.27580542662065505,0.7194570135746606,0.808088930936613,3,descriptors,hgb,TrainB_disjoint,447,
0.7679280983916745,0.5666018028393864,0.8190045248868778,0.9136234626300852,3,descriptors,hgb,TrainA_matched,447,0.0
0.7113055818353832,0.46045361098141674,0.7782805429864253,0.8965468306527908,3,descriptors,hgb,TrainA_matched,447,1.0
0.7816934720908231,0.5990801368213967,0.832579185520362,0.9222327341532639,3,descriptors,hgb,TrainA_matched,447,2.0
0.7889782403027437,0.540673543319209,0.7692307692307693,0.8597918637653736,3,composition+descriptors,logreg,TrainA_all,882,
0.7647587511825922,0.49490874530229206,0.746606334841629,0.8013245033112582,3,composition+descriptors,logreg,TrainB_disjoint,447,
0.7466414380321665,0.46295940388975004,0.7375565610859729,0.8174077578051089,3,composition+descriptors,logreg,TrainA_matched,447,0.0
0.7785241248817407,0.521114064996481,0.7601809954751131,0.8562913907284768,3,composition+descriptors,logreg,TrainA_matched,447,1.0
0.768070009460738,0.5015545866737531,0.751131221719457,0.8402081362346263,3,composition+descriptors,logreg,TrainA_matched,447,2.0
0.8207190160832545,0.6675246248672732,0.8597285067873304,0.9381267738883632,3,composition+descriptors,hgb,TrainA_all,882,
0.5850047303689687,0.2377677309548824,0.7104072398190046,0.8124408703878903,3,composition+descriptors,hgb,TrainB_disjoint,447,
0.7903973509933775,0.5878443900339835,0.8235294117647058,0.9046830652790917,3,composition+descriptors,hgb,TrainA_matched,447,0.0
0.8003311258278145,0.6160671050479264,0.8371040723981901,0.9176915799432356,3,composition+descriptors,hgb,TrainA_matched,447,1.0
0.7613055818353831,0.5466729852545993,0.8099547511312217,0.9190160832544939,3,composition+descriptors,hgb,TrainA_matched,447,2.0
0.7910596026490067,0.5416161297056279,0.751131221719457,0.8316934720908231,4,composition,logreg,TrainA_all,882,
0.7112582781456953,0.39321504441816646,0.6787330316742082,0.7668874172185431,4,composition,logreg,TrainB_disjoint,450,
0.7959318826868496,0.5523135269150441,0.7420814479638009,0.8389782403027436,4,composition,logreg,TrainA_matched,450,0.0
0.7387890255439924,0.4443488091587859,0.7058823529411765,0.7985808893093662,4,composition,logreg,TrainA_matched,450,1.0
0.7607379375591297,0.48602892338811454,0.7149321266968326,0.7965941343424787,4,composition,logreg,TrainA_matched,450,2.0
0.8888363292336803,0.7719247067250198,0.9004524886877828,0.9389782403027437,4,composition,hgb,TrainA_all,882,
0.6534531693472091,0.3193878883583236,0.7149321266968326,0.7789971617786187,4,composition,hgb,TrainB_disjoint,450,
0.8409176915799432,0.6657181839456572,0.8506787330316742,0.9237464522232735,4,composition,hgb,TrainA_matched,450,0.0
0.816177861873226,0.6212864586489667,0.832579185520362,0.8938505203405864,4,composition,hgb,TrainA_matched,450,1.0
0.8151371807000947,0.6327334513720068,0.8416289592760181,0.9040681173131504,4,composition,hgb,TrainA_matched,450,2.0
0.7795648060548723,0.5208664002036725,0.751131221719457,0.8649952696310312,4,descriptors,logreg,TrainA_all,882,
0.7948912015137181,0.5488810091587214,0.751131221719457,0.8566698202459793,4,descriptors,logreg,TrainB_disjoint,450,
0.7861873226111636,0.5337750439690704,0.7601809954751131,0.8605487228003784,4,descriptors,logreg,TrainA_matched,450,0.0
0.7823557237464522,0.5273667874969755,0.7601809954751131,0.8627246925260169,4,descriptors,logreg,TrainA_matched,450,1.0
0.7757332071901608,0.5142768150902002,0.751131221719457,0.847682119205298,4,descriptors,logreg,TrainA_matched,450,2.0
0.847019867549669,0.6889099329117695,0.8642533936651584,0.9112109744560075,4,descriptors,hgb,TrainA_all,882,
0.6909176915799432,0.40839242523658187,0.755656108597285,0.8482497634815516,4,descriptors,hgb,TrainB_disjoint,450,
0.8074739829706717,0.6278514267443881,0.8416289592760181,0.9146641438032165,4,descriptors,hgb,TrainA_matched,450,0.0
0.7903973509933775,0.5878443900339835,0.8235294117647058,0.9058656575212867,4,descriptors,hgb,TrainA_matched,450,1.0
0.7980605487228003,0.5938779244948595,0.8235294117647058,0.8976348155156103,4,descriptors,hgb,TrainA_matched,450,2.0
0.8246925260170292,0.6052435649738785,0.7918552036199095,0.8790917691579943,4,composition+descriptors,logreg,TrainA_all,882,
0.7976821192052981,0.5539849644044467,0.7601809954751131,0.8509933774834437,4,composition+descriptors,logreg,TrainB_disjoint,450,
0.815279091769158,0.5866847886377392,0.7737556561085973,0.8544938505203405,4,composition+descriptors,logreg,TrainA_matched,450,0.0
0.8009933774834437,0.5602389896177324,0.7647058823529411,0.8563859981078524,4,composition+descriptors,logreg,TrainA_matched,450,1.0
0.810406811731315,0.5793288624706713,0.7828054298642534,0.8754966887417219,4,composition+descriptors,logreg,TrainA_matched,450,2.0
0.8299432355723746,0.6504773683899528,0.8461538461538461,0.9232734153263954,4,composition+descriptors,hgb,TrainA_all,882,
0.6804635761589404,0.38603000551971256,0.746606334841629,0.8560075685903501,4,composition+descriptors,hgb,TrainB_disjoint,450,
0.8370860927152318,0.662370931228686,0.8506787330316742,0.9293755912961211,4,composition+descriptors,hgb,TrainA_matched,450,0.0
0.8057237464522233,0.6007442223591071,0.8235294117647058,0.9162724692526018,4,composition+descriptors,hgb,TrainA_matched,450,1.0
0.8480605487228003,0.6776523828099358,0.8552036199095022,0.9329233680227058,4,composition+descriptors,hgb,TrainA_matched,450,2.0
0.7926206244087038,0.5465389424453494,0.7375565610859729,0.8207190160832545,5,composition,logreg,TrainA_all,882,
0.6893093661305583,0.3524481831410007,0.669683257918552,0.7392620624408704,5,composition,logreg,TrainB_disjoint,434,
0.7431409649952696,0.45300394197070665,0.7013574660633484,0.7742667928098391,5,composition,logreg,TrainA_matched,434,0.0
0.751844843897824,0.4733184982870636,0.6923076923076923,0.7779564806054873,5,composition,logreg,TrainA_matched,434,1.0
0.7954115421002839,0.5503909761881446,0.746606334841629,0.8380321665089876,5,composition,logreg,TrainA_matched,434,2.0
0.7973509933774834,0.5662716995730265,0.7963800904977375,0.8980132450331126,5,composition,hgb,TrainA_all,882,
0.6304635761589403,0.292209616788858,0.7149321266968326,0.7638126773888363,5,composition,hgb,TrainB_disjoint,434,
0.7346263008514664,0.44681954022943227,0.7420814479638009,0.8403973509933774,5,composition,hgb,TrainA_matched,434,0.0
0.7226111636707664,0.43341018123179637,0.746606334841629,0.8405865657521288,5,composition,hgb,TrainA_matched,434,1.0
0.7825449385052035,0.5441776424026346,0.7918552036199095,0.8658467360454116,5,composition,hgb,TrainA_matched,434,2.0
0.8168401135288552,0.5913356782731722,0.7601809954751131,0.8493850520340586,5,descriptors,logreg,TrainA_all,882,
0.7699621570482498,0.5103616191436271,0.7013574660633484,0.8274361400189215,5,descriptors,logreg,TrainB_disjoint,434,
0.8063859981078525,0.5718246025941082,0.751131221719457,0.8551561021759697,5,descriptors,logreg,TrainA_matched,434,0.0
0.8069063386944182,0.5742167210762855,0.746606334841629,0.8370860927152318,5,descriptors,logreg,TrainA_matched,434,1.0
0.8163197729422895,0.5893457898751198,0.7647058823529411,0.8499526963103122,5,descriptors,logreg,TrainA_matched,434,2.0
0.8358561967833491,0.638342409401701,0.8280542986425339,0.8962157048249764,5,descriptors,hgb,TrainA_all,882,
0.6639072847682119,0.341146434390133,0.7239819004524887,0.8098391674550616,5,descriptors,hgb,TrainB_disjoint,434,
0.7802743614001892,0.531702732351526,0.7782805429864253,0.8642384105960265,5,descriptors,hgb,TrainA_matched,434,0.0
0.7424787133396404,0.4813729983786437,0.7737556561085973,0.8693472090823084,5,descriptors,hgb,TrainA_matched,434,1.0
0.7968306527909177,0.5689528927831309,0.8009049773755657,0.8927152317880795,5,descriptors,hgb,TrainA_matched,434,2.0
0.8163197729422895,0.5893457898751198,0.7647058823529411,0.8916745506149479,5,composition+descriptors,logreg,TrainA_all,882,
0.7530747398297066,0.47104802678844393,0.7149321266968326,0.8099337748344371,5,composition+descriptors,logreg,TrainB_disjoint,434,
0.7882686849574267,0.5368625420243096,0.7420814479638009,0.8456953642384106,5,composition+descriptors,logreg,TrainA_matched,434,0.0
0.8130085146641438,0.583463966991864,0.7601809954751131,0.8881740775780511,5,composition+descriptors,logreg,TrainA_matched,434,1.0
0.8053453169347209,0.5683392547512908,0.7601809954751131,0.8664143803216651,5,composition+descriptors,logreg,TrainA_matched,434,2.0
0.8320245979186376,0.6336094397182478,0.8280542986425339,0.8992431409649954,5,composition+descriptors,hgb,TrainA_all,882,
0.671759697256386,0.3936323790960031,0.755656108597285,0.8057710501419111,5,composition+descriptors,hgb,TrainB_disjoint,434,
0.7881267738883633,0.568036939191857,0.8099547511312217,0.8835383159886472,5,composition+descriptors,hgb,TrainA_matched,434,0.0
0.8325449385052034,0.6308641701993634,0.8235294117647058,0.8950804162724693,5,composition+descriptors,hgb,TrainA_matched,434,1.0
0.8067644276253547,0.5923330420079536,0.8144796380090498,0.8834437086092715,5,composition+descriptors,hgb,TrainA_matched,434,2.0
0.7894985808893094,0.5403067111125431,0.7647058823529411,0.8269631031220436,6,composition,logreg,TrainA_all,882,
0.7339167455061495,0.43628389957471947,0.7149321266968326,0.8016083254493851,6,composition,logreg,TrainB_disjoint,442,
0.7851466414380321,0.5346124154472336,0.7692307692307693,0.8285714285714285,6,composition,logreg,TrainA_matched,442,0.0
0.7757332071901608,0.5142768150902002,0.751131221719457,0.8050141911069063,6,composition,logreg,TrainA_matched,442,1.0
0.7828760643330179,0.527295530090879,0.755656108597285,0.8231788079470199,6,composition,logreg,TrainA_matched,442,2.0
0.8597445600756859,0.7345861692909341,0.8868778280542986,0.9383632923368023,6,composition,hgb,TrainA_all,882,
0.6707190160832545,0.4125533379359783,0.7647058823529411,0.8132450331125827,6,composition,hgb,TrainB_disjoint,442,
0.7893566698202459,0.6022489867718451,0.832579185520362,0.8929990539262063,6,composition,hgb,TrainA_matched,442,0.0
0.7431882686849575,0.5202045238209285,0.8009049773755657,0.8659413434247872,6,composition,hgb,TrainA_matched,442,1.0
0.8113055818353831,0.6301684200706378,0.8416289592760181,0.9076158940397352,6,composition,hgb,TrainA_matched,442,2.0
0.8192999053926207,0.6017551559466401,0.8054298642533937,0.8681173131504257,6,descriptors,logreg,TrainA_all,882,
0.7994323557237464,0.560233021641937,0.7782805429864253,0.8591296121097445,6,descriptors,logreg,TrainB_disjoint,442,
0.820860927152318,0.5988399381497354,0.7918552036199095,0.8603595080416272,6,descriptors,logreg,TrainA_matched,442,0.0
0.8050141911069064,0.5766272507864215,0.7963800904977375,0.8680227057710501,6,descriptors,logreg,TrainA_matched,442,1.0
0.8302743614001892,0.619942953194905,0.8099547511312217,0.8685903500473038,6,descriptors,logreg,TrainA_matched,442,2.0
0.8426679280983917,0.6936544651256192,0.8687782805429864,0.9346263008514665,6,descriptors,hgb,TrainA_all,882,
0.7289025543992431,0.49563619355121447,0.7918552036199095,0.8919583727530748,6,descriptors,hgb,TrainB_disjoint,442,
0.7768211920529802,0.6200183747093535,0.8416289592760181,0.9208136234626302,6,descriptors,hgb,TrainA_matched,442,0.0
0.8146168401135289,0.6396046866233497,0.8461538461538461,0.922705771050142,6,descriptors,hgb,TrainA_matched,442,1.0
0.7761116367076631,0.5638105812164605,0.8144796380090498,0.8878902554399242,6,descriptors,hgb,TrainA_matched,442,2.0
0.8236518448438979,0.6061498229275226,0.8009049773755657,0.885430463576159,6,composition+descriptors,logreg,TrainA_all,882,
0.8065752128666036,0.5730755008583447,0.7828054298642534,0.8695364238410597,6,composition+descriptors,logreg,TrainB_disjoint,442,
0.7835856196783348,0.5389947527272109,0.7828054298642534,0.8859035004730369,6,composition+descriptors,logreg,TrainA_matched,442,0.0
0.8137180700094607,0.5859434636756478,0.7873303167420814,0.8584673604541154,6,composition+descriptors,logreg,TrainA_matched,442,1.0
0.8022232734153264,0.5679999785041415,0.7873303167420814,0.8722800378429517,6,composition+descriptors,logreg,TrainA_matched,442,2.0
0.8564333017975402,0.7246160447612299,0.8823529411764706,0.9464522232734154,6,composition+descriptors,hgb,TrainA_all,882,
0.7464995269631032,0.5304545644142734,0.8054298642533937,0.8989593188268684,6,composition+descriptors,hgb,TrainB_disjoint,442,
0.7783822138126775,0.5887096768555419,0.8280542986425339,0.9243140964995268,6,composition+descriptors,hgb,TrainA_matched,442,0.0
0.8179280983916746,0.6491983752536974,0.8506787330316742,0.9397350993377483,6,composition+descriptors,hgb,TrainA_matched,442,1.0
0.8273415326395459,0.6884701062708803,0.8687782805429864,0.9454115421002839,6,composition+descriptors,hgb,TrainA_matched,442,2.0
0.7772942289498581,0.516043200594131,0.7375565610859729,0.8371807000946074,7,composition,logreg,TrainA_all,882,
0.687038789025544,0.34822091857559134,0.6561085972850679,0.7752128666035951,7,composition,logreg,TrainB_disjoint,457,
0.7696310312204352,0.5018642528400243,0.7375565610859729,0.8175023651844844,7,composition,logreg,TrainA_matched,457,0.0
0.7882686849574267,0.5368625420243096,0.7420814479638009,0.8447492904446547,7,composition,logreg,TrainA_matched,457,1.0
0.7872280037842951,0.5345299068590179,0.751131221719457,0.8209082308420057,7,composition,logreg,TrainA_matched,457,2.0
0.826631977294229,0.6418286949388263,0.8416289592760181,0.9184957426679281,7,composition,hgb,TrainA_all,882,
0.644228949858089,0.3254439934906776,0.7285067873303167,0.7904446546830652,7,composition,hgb,TrainB_disjoint,457,
0.7815042573320718,0.5513935217782421,0.8009049773755657,0.8827814569536423,7,composition,hgb,TrainA_matched,457,0.0
0.7567644276253548,0.5062066172932852,0.7828054298642534,0.8621570482497634,7,composition,hgb,TrainA_matched,457,1.0
0.7985808893093662,0.588647046491381,0.8190045248868778,0.883112582781457,7,composition,hgb,TrainA_matched,457,2.0
0.7894985808893094,0.5403067111125431,0.7647058823529411,0.8726584673604542,7,descriptors,logreg,TrainA_all,882,
0.7487228003784295,0.46294776165488566,0.7194570135746606,0.8554399243140965,7,descriptors,logreg,TrainB_disjoint,457,
0.7867076631977294,0.5339553441433116,0.755656108597285,0.8703878902554399,7,descriptors,logreg,TrainA_matched,457,0.0
0.7856669820245978,0.5339921230803184,0.7647058823529411,0.8713339640491958,7,descriptors,logreg,TrainA_matched,457,1.0
0.7790444654683065,0.5207956354334791,0.755656108597285,0.8651844843897823,7,descriptors,logreg,TrainA_matched,457,2.0
0.8789025543992431,0.7445398763881244,0.8868778280542986,0.9473036896877957,7,descriptors,hgb,TrainA_all,882,
0.689356669820246,0.43055094158722895,0.7692307692307693,0.8767265846736045,7,descriptors,hgb,TrainB_disjoint,457,
0.8233207190160832,0.6333010790378566,0.8371040723981901,0.9122989593188269,7,descriptors,hgb,TrainA_matched,457,0.0
0.8289025543992432,0.6630321139643298,0.8552036199095022,0.9214758751182592,7,descriptors,hgb,TrainA_matched,457,1.0
0.8255912961210974,0.6537232581497332,0.8506787330316742,0.9231788079470198,7,descriptors,hgb,TrainA_matched,457,2.0
0.830794701986755,0.6189114566101209,0.8054298642533937,0.9042573320719016,7,composition+descriptors,logreg,TrainA_all,882,
0.778003784295175,0.5218282348791832,0.7647058823529411,0.8630085146641437,7,composition+descriptors,logreg,TrainB_disjoint,457,
0.8246925260170292,0.6052435649738785,0.7918552036199095,0.8849574266792809,7,composition+descriptors,logreg,TrainA_matched,457,0.0
0.8060548722800378,0.5738125958765099,0.7873303167420814,0.8837275307473983,7,composition+descriptors,logreg,TrainA_matched,457,1.0
0.8109271523178808,0.5792986207341352,0.7782805429864253,0.8735099337748344,7,composition+descriptors,logreg,TrainA_matched,457,2.0
0.8646168401135289,0.7212933439596926,0.8778280542986425,0.9478713339640492,7,composition+descriptors,hgb,TrainA_all,882,
0.7212393566698203,0.4919792871465504,0.7918552036199095,0.8821192052980134,7,composition+descriptors,hgb,TrainB_disjoint,457,
0.8602649006622517,0.726255225075843,0.8823529411764706,0.9444654683065279,7,composition+descriptors,hgb,TrainA_matched,457,0.0
0.8332544938505203,0.6592516357285981,0.8506787330316742,0.9204351939451277,7,composition+descriptors,hgb,TrainA_matched,457,1.0
0.8750709555345317,0.7419739133700574,0.8868778280542986,0.9403973509933775,7,composition+descriptors,hgb,TrainA_matched,457,2.0
0.8471617786187322,0.6461722371215682,0.7963800904977375,0.895837275307474,8,composition,logreg,TrainA_all,882,
0.7910596026490067,0.5416161297056279,0.751131221719457,0.8456007568590351,8,composition,logreg,TrainB_disjoint,452,
0.8234626300851466,0.6029509757126138,0.7692307692307693,0.8790917691579944,8,composition,logreg,TrainA_matched,452,0.0
0.832876064333018,0.6194299861431014,0.7873303167420814,0.8767265846736045,8,composition,logreg,TrainA_matched,452,1.0
0.8372280037842952,0.6283006035620949,0.7828054298642534,0.8836329233680227,8,composition,logreg,TrainA_matched,452,2.0
0.8426679280983917,0.6936544651256192,0.8687782805429864,0.932639545884579,8,composition,hgb,TrainA_all,882,
0.6564333017975402,0.38572639475279896,0.755656108597285,0.8341532639545884,8,composition,hgb,TrainB_disjoint,452,
0.7898770104068118,0.5946226523442578,0.8280542986425339,0.9125827814569537,8,composition,hgb,TrainA_matched,452,0.0
0.8166982024597919,0.6165918324154009,0.8280542986425339,0.9217596972563861,8,composition,hgb,TrainA_matched,452,1.0
0.7947492904446547,0.5851414656452066,0.8190045248868778,0.9088930936613056,8,composition,hgb,TrainA_matched,452,2.0
0.8445600756859035,0.645307703917579,0.8190045248868778,0.8767265846736046,8,descriptors,logreg,TrainA_all,882,
0.8157994323557237,0.5877975003438601,0.7692307692307693,0.8587511825922421,8,descriptors,logreg,TrainB_disjoint,452,
0.8374172185430464,0.6326128665204243,0.8144796380090498,0.872942289498581,8,descriptors,logreg,TrainA_matched,452,0.0
0.8445600756859035,0.645307703917579,0.8190045248868778,0.8857142857142857,8,descriptors,logreg,TrainA_matched,452,1.0
0.8318353831598865,0.6182534344211104,0.7963800904977375,0.8676442762535477,8,descriptors,logreg,TrainA_matched,452,2.0
0.836565752128666,0.6681562394584569,0.8552036199095022,0.9239356669820247,8,descriptors,hgb,TrainA_all,882,
0.7403973509933774,0.5029312293743434,0.7918552036199095,0.8939451277199622,8,descriptors,hgb,TrainB_disjoint,452,
0.8426679280983917,0.6936544651256192,0.8687782805429864,0.9417218543046357,8,descriptors,hgb,TrainA_matched,452,0.0
0.8255912961210974,0.6537232581497332,0.8506787330316742,0.9256385998107852,8,descriptors,hgb,TrainA_matched,452,1.0
0.8316934720908231,0.680400463158932,0.8642533936651584,0.9123935666982025,8,descriptors,hgb,TrainA_matched,452,2.0
0.848391674550615,0.6512422564143973,0.8190045248868778,0.914096499526963,8,composition+descriptors,logreg,TrainA_all,882,
0.8076158940397351,0.5728941763675888,0.7737556561085973,0.8744560075685904,8,composition+descriptors,logreg,TrainB_disjoint,452,
0.8417691579943236,0.6378620895078634,0.8099547511312217,0.8964995269631031,8,composition+descriptors,logreg,TrainA_matched,452,0.0
0.8280037842951751,0.611767959484551,0.7963800904977375,0.89120151371807,8,composition+descriptors,logreg,TrainA_matched,452,1.0
0.8241721854304636,0.6054690224018718,0.7963800904977375,0.8732261116367077,8,composition+descriptors,logreg,TrainA_matched,452,2.0
0.8431882686849574,0.6863765373699149,0.8642533936651584,0.9394512771996216,8,composition+descriptors,hgb,TrainA_all,882,
0.771759697256386,0.5685438631947272,0.8190045248868778,0.9017975402081362,8,composition+descriptors,hgb,TrainB_disjoint,452,
0.8531220435193945,0.7148164801439464,0.8778280542986425,0.9368968779564806,8,composition+descriptors,hgb,TrainA_matched,452,0.0
0.8327341532639546,0.6654683065279092,0.8552036199095022,0.9248817407757804,8,composition+descriptors,hgb,TrainA_matched,452,1.0
0.8403973509933775,0.6710874756894768,0.8552036199095022,0.9334910122989594,8,composition+descriptors,hgb,TrainA_matched,452,2.0
0.8219016083254493,0.5991554808028712,0.7828054298642534,0.8528855250709556,9,composition,logreg,TrainA_all,882,
0.7109271523178808,0.39875634479786815,0.7149321266968326,0.7983916745506149,9,composition,logreg,TrainB_disjoint,446,
0.7948912015137181,0.5488810091587214,0.751131221719457,0.8319772942289498,9,composition,logreg,TrainA_matched,446,0.0
0.7640491958372753,0.4919587556576818,0.7194570135746606,0.8123935666982025,9,composition,logreg,TrainA_matched,446,1.0
0.7976821192052981,0.5539849644044467,0.7601809954751131,0.8156102175969726,9,composition,logreg,TrainA_matched,446,2.0
0.8003311258278145,0.6160671050479264,0.8371040723981901,0.9295648060548722,9,composition,hgb,TrainA_all,882,
0.674550614947966,0.4139403016532695,0.7647058823529411,0.8522232734153264,9,composition,hgb,TrainB_disjoint,446,
0.7827341532639546,0.5827025839981859,0.8235294117647058,0.8923841059602649,9,composition,hgb,TrainA_matched,446,0.0
0.7684484389782403,0.5587318947082264,0.8144796380090498,0.8790917691579944,9,composition,hgb,TrainA_matched,446,1.0
0.7870860927152318,0.5787346324823123,0.8190045248868778,0.8830652790917692,9,composition,hgb,TrainA_matched,446,2.0
0.8246925260170292,0.6052435649738785,0.7918552036199095,0.902081362346263,9,descriptors,logreg,TrainA_all,882,
0.7652790917691581,0.49477858621133,0.7420814479638009,0.8613055818353832,9,descriptors,logreg,TrainB_disjoint,446,
0.8219016083254493,0.5991554808028712,0.7828054298642534,0.8964995269631031,9,descriptors,logreg,TrainA_matched,446,0.0
0.8037842951750236,0.5662695475323788,0.7737556561085973,0.8905392620624408,9,descriptors,logreg,TrainA_matched,446,1.0
0.8241721854304636,0.6054690224018718,0.7963800904977375,0.9006622516556291,9,descriptors,logreg,TrainA_matched,446,2.0
0.836565752128666,0.6681562394584569,0.8552036199095022,0.9257332071901607,9,descriptors,hgb,TrainA_all,882,
0.6773415326395459,0.43728099604724624,0.7737556561085973,0.8841059602649006,9,descriptors,hgb,TrainB_disjoint,446,
0.8294228949858089,0.656366587237296,0.8506787330316742,0.9229895931882687,9,descriptors,hgb,TrainA_matched,446,0.0
0.8255912961210974,0.6537232581497332,0.8506787330316742,0.923841059602649,9,descriptors,hgb,TrainA_matched,446,1.0
0.8029328287606434,0.588106679187576,0.8144796380090498,0.9025543992431411,9,descriptors,hgb,TrainA_matched,446,2.0
0.840728476821192,0.6395658968580494,0.8190045248868778,0.9021759697256386,9,composition+descriptors,logreg,TrainA_all,882,
0.7769631031220435,0.5244843129534738,0.7737556561085973,0.8439924314096501,9,composition+descriptors,logreg,TrainB_disjoint,446,
0.820860927152318,0.5988399381497354,0.7918552036199095,0.8920529801324504,9,composition+descriptors,logreg,TrainA_matched,446,0.0
0.8131977294228949,0.5865708824324946,0.7918552036199095,0.8735099337748345,9,composition+descriptors,logreg,TrainA_matched,446,1.0
0.8389782403027436,0.6313024247040044,0.8009049773755657,0.9017029328287606,9,composition+descriptors,logreg,TrainA_matched,446,2.0
0.8442289498580889,0.6742548576676638,0.8552036199095022,0.9403973509933776,9,composition+descriptors,hgb,TrainA_all,882,
0.7240302743614002,0.5134241110985047,0.8009049773755657,0.8835383159886471,9,composition+descriptors,hgb,TrainB_disjoint,446,
0.8567644276253548,0.6780814720714969,0.8461538461538461,0.9152317880794704,9,composition+descriptors,hgb,TrainA_matched,446,0.0
0.8299432355723746,0.6504773683899528,0.8461538461538461,0.9239356669820246,9,composition+descriptors,hgb,TrainA_matched,446,1.0
0.8513718070009462,0.6861321868112032,0.8597285067873304,0.9288552507095554,9,composition+descriptors,hgb,TrainA_matched,446,2.0
