seed,tau,model,condition,n_train,n_removed,bal_acc,mcc
0,0.0,logreg,excluded,882,0,0.8121570482497635,0.5891852499394737
0,0.0,logreg,matched,882,0,0.8121570482497635,0.5891852499394737
0,0.0,hgb,excluded,882,0,0.9174077578051087,0.8175930828719892
0,0.0,hgb,matched,882,0,0.9174077578051087,0.8175930828719892
0,0.0,knn,excluded,882,0,0.8513718070009462,0.6861321868112032
0,0.0,knn,matched,882,0,0.8513718070009462,0.6861321868112032
0,0.02,logreg,excluded,841,41,0.8088457899716177,0.5820532463963871
0,0.02,logreg,matched,841,41,0.8226111636707663,0.6089170184250964
0,0.02,hgb,excluded,841,41,0.8546830652790918,0.6947317469825675
0,0.02,hgb,matched,841,41,0.8959791863765374,0.783335052190787
0,0.02,knn,excluded,841,41,0.838647114474929,0.6491049815831766
0,0.02,knn,matched,841,41,0.8475402081362347,0.6829131675185455
0,0.05,logreg,excluded,787,95,0.8121570482497635,0.5891852499394737
0,0.05,logreg,matched,787,95,0.8154683065279091,0.5963906847851497
0,0.05,hgb,excluded,787,95,0.8579943235572375,0.7034554038084051
0,0.05,hgb,matched,787,95,0.8707190160832545,0.7473295954463473
0,0.05,knn,excluded,787,95,0.8095553453169347,0.6044761753490191
0,0.05,knn,matched,787,95,0.8552034058656575,0.6895835499718157
0,0.08,logreg,excluded,720,162,0.7945600756859035,0.5568638167876934
0,0.08,logreg,matched,720,162,0.798391674550615,0.5623513368461343
0,0.08,hgb,excluded,720,162,0.8255912961210974,0.6537232581497332
0,0.08,hgb,matched,720,162,0.8783822138126773,0.7511710132717072
0,0.08,knn,excluded,720,162,0.7891674550614948,0.55983797250578
0,0.08,knn,matched,720,162,0.8508514664143803,0.6916975829890007
0,0.12,logreg,excluded,643,239,0.7989120151371807,0.5610741222054719
0,0.12,logreg,matched,643,239,0.7874172185430464,0.5442812443219993
0,0.12,hgb,excluded,643,239,0.7964995269631031,0.6140405997873466
0,0.12,hgb,matched,643,239,0.866887417218543,0.7458688842956999
0,0.12,knn,excluded,643,239,0.786565752128666,0.5851575297257697
0,0.12,knn,matched,643,239,0.8513718070009462,0.6861321868112032
0,0.2,logreg,excluded,504,378,0.788457899716178,0.5414511785423275
0,0.2,logreg,matched,504,378,0.7846263008514665,0.5356445994418816
0,0.2,hgb,excluded,504,378,0.7026017029328288,0.47617473831710994
0,0.2,hgb,matched,504,378,0.8283822138126774,0.6705453237630066
0,0.2,knn,excluded,504,378,0.7271523178807947,0.4659559361222464
0,0.2,knn,matched,504,378,0.826631977294229,0.6418286949388263
0,0.35,logreg,excluded,333,549,0.7637180700094608,0.49629693233978556
0,0.35,logreg,matched,333,549,0.8165089877010407,0.5934126860911481
0,0.35,hgb,excluded,333,549,0.6911069063386944,0.4762490231825696
0,0.35,hgb,matched,333,549,0.8437086092715231,0.6799322051389629
0,0.35,knn,excluded,333,549,0.6559129612109744,0.3973371890829984
0,0.35,knn,matched,333,549,0.8133869441816461,0.6084020533444239
1,0.0,logreg,excluded,882,0,0.7757332071901608,0.5142768150902002
1,0.0,logreg,matched,882,0,0.7757332071901608,0.5142768150902002
1,0.0,hgb,excluded,882,0,0.871759697256386,0.7329177975880486
1,0.0,hgb,matched,882,0,0.871759697256386,0.7329177975880486
1,0.0,knn,excluded,882,0,0.8524124881740776,0.6770803183128533
1,0.0,knn,matched,882,0,0.8524124881740776,0.6770803183128533
1,0.02,logreg,excluded,843,39,0.7685903500473037,0.501284559754415
1,0.02,logreg,matched,843,39,0.7719016083254494,0.5078412287707513
1,0.02,hgb,excluded,843,39,0.8552034058656575,0.6895835499718157
1,0.02,hgb,matched,843,39,0.8607852412488174,0.7188552499797325
1,0.02,knn,excluded,843,39,0.8144276253547778,0.6013250112526456
1,0.02,knn,matched,843,39,0.8524124881740776,0.6770803183128533
1,0.05,logreg,excluded,797,85,0.7795648060548723,0.5208664002036725
1,0.05,logreg,matched,797,85,0.7790444654683065,0.5207956354334791
1,0.05,hgb,excluded,797,85,0.8304635761589404,0.6453041810801111
1,0.05,hgb,matched,797,85,0.8579943235572375,0.7034554038084051
1,0.05,knn,excluded,797,85,0.7774834437086093,0.5229475177456283
1,0.05,knn,matched,797,85,0.8518921475875119,0.6812750985556189
1,0.08,logreg,excluded,741,141,0.790018921475875,0.54034380704716
1,0.08,logreg,matched,741,141,0.7499526963103123,0.4697623863540278
1,0.08,hgb,excluded,741,141,0.8457899716177861,0.6613037208149299
1,0.08,hgb,matched,741,141,0.847019867549669,0.6889099329117695
1,0.08,knn,excluded,741,141,0.7703405865657521,0.5102581759969833
1,0.08,knn,matched,741,141,0.8210501419110691,0.6168247141462195
1,0.12,logreg,excluded,669,213,0.7757332071901608,0.5142768150902002
1,0.12,logreg,matched,669,213,0.7685903500473037,0.501284559754415
1,0.12,hgb,excluded,669,213,0.7677388836329233,0.5228201638868349
1,0.12,hgb,matched,669,213,0.8585146641438033,0.6980058996081141
1,0.12,knn,excluded,669,213,0.7841059602649008,0.5371003827889652
1,0.12,knn,matched,669,213,0.8325449385052034,0.6308641701993634
1,0.2,logreg,excluded,508,374,0.7492431409649953,0.46380227326815426
1,0.2,logreg,matched,508,374,0.7790444654683065,0.5207956354334791
1,0.2,hgb,excluded,508,374,0.7342951750236519,0.47842278717922376
1,0.2,hgb,matched,508,374,0.8151371807000947,0.6327334513720068
1,0.2,knn,excluded,508,374,0.7248817407757805,0.4480710447625079
1,0.2,knn,matched,508,374,0.796310312204352,0.5721471357190163
1,0.35,logreg,excluded,337,545,0.7178807947019867,0.40544188094004907
1,0.35,logreg,matched,337,545,0.7762535477767265,0.514485928031173
1,0.35,hgb,excluded,337,545,0.6963103122043519,0.39738625486903917
1,0.35,hgb,matched,337,545,0.8376064333017975,0.6572988660117575
1,0.35,knn,excluded,337,545,0.6876064333017975,0.3989843530870964
1,0.35,knn,matched,337,545,0.7841059602649008,0.5371003827889652
2,0.0,logreg,excluded,882,0,0.7921002838221382,0.5444899495503642
2,0.0,logreg,matched,882,0,0.7921002838221382,0.5444899495503642
2,0.0,hgb,excluded,882,0,0.8613055818353832,0.7123076902885247
2,0.0,hgb,matched,882,0,0.8613055818353832,0.7123076902885247
2,0.0,knn,excluded,882,0,0.8200094607379376,0.6248901782145652
2,0.0,knn,matched,882,0,0.8200094607379376,0.6248901782145652
2,0.02,logreg,excluded,841,41,0.7887890255439924,0.5386275443687891
2,0.02,logreg,matched,841,41,0.782166508987701,0.5270133837191252
2,0.02,hgb,excluded,841,41,0.8447492904446547,0.6692881758149677
2,0.02,hgb,matched,841,41,0.8618259224219489,0.7065461896767492
2,0.02,knn,excluded,841,41,0.8292336802270577,0.623468969796102
2,0.02,knn,matched,841,41,0.8271523178807947,0.6369453492135793
2,0.05,logreg,excluded,796,86,0.7854777672658467,0.53280245123598
2,0.05,logreg,matched,796,86,0.7783349101229895,0.519129315489919
2,0.05,hgb,excluded,796,86,0.8457899716177861,0.6613037208149299
2,0.05,hgb,matched,796,86,0.836565752128666,0.6681562394584569
2,0.05,knn,excluded,796,86,0.8330652790917692,0.628648786910719
2,0.05,knn,matched,796,86,0.813907284768212,0.6045810873905714
2,0.08,logreg,excluded,737,145,0.7793755912961211,0.5237924561432252
2,0.08,logreg,matched,737,145,0.7954115421002839,0.5503909761881446
2,0.08,hgb,excluded,737,145,0.8144276253547778,0.6013250112526456
2,0.08,hgb,matched,737,145,0.8327341532639546,0.6654683065279092
2,0.08,knn,excluded,737,145,0.7769631031220435,0.5244843129534738
2,0.08,knn,matched,737,145,0.8271523178807947,0.6369453492135793
2,0.12,logreg,excluded,661,221,0.7826868495742667,0.5294287257841093
2,0.12,logreg,matched,661,221,0.7739829706717124,0.5099645179735827
2,0.12,hgb,excluded,661,221,0.7820245979186377,0.5475159308738801
2,0.12,hgb,matched,661,221,0.8646168401135289,0.7212933439596926
2,0.12,knn,excluded,661,221,0.740728476821192,0.4636397157520521
2,0.12,knn,matched,661,221,0.8376064333017975,0.6572988660117575
2,0.2,logreg,excluded,497,385,0.7628192999053927,0.49606201676977063
2,0.2,logreg,matched,497,385,0.7635288552507096,0.4905062723810133
2,0.2,hgb,excluded,497,385,0.7677388836329233,0.5228201638868349
2,0.2,hgb,matched,497,385,0.8376064333017975,0.6572988660117575
2,0.2,knn,excluded,497,385,0.7466414380321665,0.46295940388975004
2,0.2,knn,matched,497,385,0.8309839167455062,0.640796056539006
2,0.35,logreg,excluded,324,558,0.7671712393566699,0.5087977345193212
2,0.35,logreg,matched,324,558,0.7525543992431409,0.4699640039815289
2,0.35,hgb,excluded,324,558,0.6686376537369915,0.47169836441522306
2,0.35,hgb,matched,324,558,0.8276726584673604,0.6327048545858279
2,0.35,knn,excluded,324,558,0.6327341532639545,0.31477411556614476
2,0.35,knn,matched,324,558,0.7807947019867549,0.529989944482606
